{"cameraMode":{"drawMode":0,"name":"Shaded","section":"Shading Mode"},"sceneLighting":false,"audioPlay":false,"sceneViewState":{"m_AlwaysRefresh":false,"showFog":true,"showSkybox":false,"showFlares":true,"showImageEffects":true,"showParticleSystems":true,"showVisualEffectGraphs":true,"m_FxEnabled":true},"in2DMode":false,"pivot":{"x":0.3389303684234619,"y":1.5826672315597535,"z":-0.49938273429870608},"rotation":{"x":0.06683924049139023,"y":-0.9332384467124939,"z":0.24806733429431916,"w":0.2513672709465027},"size":1.962283968925476,"orthographic":false}