{"cameraMode":{"drawMode":0,"name":"Shaded","section":"Shading Mode"},"sceneLighting":false,"audioPlay":false,"sceneViewState":{"m_AlwaysRefresh":false,"showFog":true,"showSkybox":false,"showFlares":true,"showImageEffects":true,"showParticleSystems":true,"showVisualEffectGraphs":true,"m_FxEnabled":true},"in2DMode":false,"pivot":{"x":5.335777282714844,"y":-8.584747314453125,"z":-11.347908020019532},"rotation":{"x":0.21168887615203858,"y":-0.008480795659124852,"z":0.001842761063016951,"w":0.9773196578025818},"size":39.339698791503909,"orthographic":false}