{"cameraMode":{"drawMode":0,"name":"Shaded","section":"Shading Mode"},"sceneLighting":false,"audioPlay":false,"sceneViewState":{"m_AlwaysRefresh":false,"showFog":true,"showSkybox":false,"showFlares":true,"showImageEffects":true,"showParticleSystems":true,"showVisualEffectGraphs":true,"m_FxEnabled":true},"in2DMode":false,"pivot":{"x":1.0910093784332276,"y":1.4100000858306885,"z":-1.814799427986145},"rotation":{"x":-0.0003102215414401144,"y":-0.9259845614433289,"z":0.37772315740585329,"w":-0.0008340072236023843},"size":0.5452985763549805,"orthographic":false}