{"cameraMode":{"drawMode":0,"name":"Shaded","section":"Shading Mode"},"sceneLighting":false,"audioPlay":false,"sceneViewState":{"m_AlwaysRefresh":false,"showFog":true,"showSkybox":false,"showFlares":true,"showImageEffects":true,"showParticleSystems":true,"showVisualEffectGraphs":true,"m_FxEnabled":true},"in2DMode":false,"pivot":{"x":1.9568718671798707,"y":1.0827494859695435,"z":2.0914206504821779},"rotation":{"x":-0.000038128229789435863,"y":-0.9999580383300781,"z":-0.004499956499785185,"w":0.008398115634918213},"size":0.19357067346572877,"orthographic":false}