{"cameraMode":{"drawMode":0,"name":"Shaded","section":"Shading Mode"},"sceneLighting":true,"audioPlay":false,"sceneViewState":{"m_AlwaysRefresh":false,"showFog":true,"showSkybox":true,"showFlares":true,"showImageEffects":true,"showParticleSystems":true,"showVisualEffectGraphs":true,"m_FxEnabled":true},"in2DMode":false,"pivot":{"x":457.94036865234377,"y":269.9827880859375,"z":-7.937534332275391},"rotation":{"x":-0.0011885182466357947,"y":0.0018159773899242282,"z":-0.00003592453867895529,"w":1.000006079673767},"size":372.1620178222656,"orthographic":false}