{"cameraMode":{"drawMode":0,"name":"Shaded","section":"Shading Mode"},"sceneLighting":false,"audioPlay":false,"sceneViewState":{"m_AlwaysRefresh":false,"showFog":true,"showSkybox":false,"showFlares":true,"showImageEffects":true,"showParticleSystems":true,"showVisualEffectGraphs":true,"m_FxEnabled":true},"in2DMode":false,"pivot":{"x":0.06537368893623352,"y":0.8439399003982544,"z":-5.486407279968262},"rotation":{"x":0.01819363795220852,"y":-0.9615131616592407,"z":0.2664274275302887,"w":0.06558585166931153},"size":1.3070647716522217,"orthographic":false}