{"cameraMode":{"drawMode":0,"name":"Shaded","section":"Shading Mode"},"sceneLighting":false,"audioPlay":false,"sceneViewState":{"m_AlwaysRefresh":false,"showFog":true,"showSkybox":false,"showFlares":true,"showImageEffects":true,"showParticleSystems":true,"showVisualEffectGraphs":true,"m_FxEnabled":true},"in2DMode":false,"pivot":{"x":-0.5801537036895752,"y":0.5393744707107544,"z":-4.7600998878479},"rotation":{"x":-0.0003102215414401144,"y":-0.9259845614433289,"z":0.37772315740585329,"w":-0.0008340072236023843},"size":0.2756277620792389,"orthographic":false}