{"cameraMode":{"drawMode":0,"name":"Shaded","section":"Shading Mode"},"sceneLighting":false,"audioPlay":false,"sceneViewState":{"m_AlwaysRefresh":false,"showFog":true,"showSkybox":false,"showFlares":true,"showImageEffects":true,"showParticleSystems":true,"showVisualEffectGraphs":true,"m_FxEnabled":true},"in2DMode":false,"pivot":{"x":4.091032981872559,"y":0.7970083355903626,"z":-1.0640000104904175},"rotation":{"x":-0.0003102215414401144,"y":-0.9259845614433289,"z":0.37772315740585329,"w":-0.0008340072236023843},"size":0.22486339509487153,"orthographic":false}