{"cameraMode":{"drawMode":0,"name":"Shaded","section":"Shading Mode"},"sceneLighting":false,"audioPlay":false,"sceneViewState":{"m_AlwaysRefresh":false,"showFog":true,"showSkybox":false,"showFlares":true,"showImageEffects":true,"showParticleSystems":true,"showVisualEffectGraphs":true,"m_FxEnabled":true},"in2DMode":false,"pivot":{"x":4.297699928283691,"y":0.6095924377441406,"z":-2.9370908737182619},"rotation":{"x":0.019887547940015794,"y":-0.976311445236206,"z":0.19010257720947267,"w":0.10200891643762589},"size":1.5074920654296876,"orthographic":false}